filename,description,size
events.json,Execution event history,1154274
execution-628e2ebd89238d0552a89085.yaml,Generated execution Kubernetes YAML specification,20107
execution.log,Execution logs from LogJam,443327
kubernetes-events.json,Kubernetes event log in JSON format,6365508
kubernetes.yaml,Execution Kubernetes YAML specification,125951
logjam-2022052617_6.log,Logjam log file logjam-2022052617_6.log,7998445
logjam-2022052617_7.log,Logjam log file logjam-2022052617_7.log,8011355
logjam-2022052617_8.log,Logjam log file logjam-2022052617_8.log,8101906
logjam-2022052617_9.log,Logjam log file logjam-2022052617_9.log,8285572
logjam-2022052618_0.log,Logjam log file logjam-2022052618_0.log,8026884
nucleus-dispatcher-5cd7476584-pz98n-nucleus-dispatcher.log,nucleus-dispatcher-5cd7476584-pz98n pod logs for container nucleus-dispatcher,185
nucleus-frontend-78cc7b6cf4-5ptvp-nucleus-frontend.log,nucleus-frontend-78cc7b6cf4-5ptvp pod logs for container nucleus-frontend,181
nucleus-frontend-78cc7b6cf4-7zhhz-nucleus-frontend.log,nucleus-frontend-78cc7b6cf4-7zhhz pod logs for container nucleus-frontend,181
nucleus-frontend-78cc7b6cf4-njmbn-nucleus-frontend.log,nucleus-frontend-78cc7b6cf4-njmbn pod logs for container nucleus-frontend,181
nucleus-frontend-78cc7b6cf4-t65rv-nucleus-frontend.log,nucleus-frontend-78cc7b6cf4-t65rv pod logs for container nucleus-frontend,181
nucleus-frontend-78cc7b6cf4-x5kss-nucleus-frontend.log,nucleus-frontend-78cc7b6cf4-x5kss pod logs for container nucleus-frontend,181
performance-metrics.csv,Execution performance metrics,562378
pods.log,Kubectl describe output,14552
project.json,Project record,1470
retriever-2-error.txt,Futures timed out after [1 minute],3136
retriever-3-error.txt,Futures timed out after [1 minute],2850
run-628e2ebd89238d0552a89085-5646574b7b-rvzhc-executor.log,run-628e2ebd89238d0552a89085-5646574b7b-rvzhc pod logs for container executor,42556
run-628e2ebd89238d0552a89085-5646574b7b-rvzhc-nginx.log,run-628e2ebd89238d0552a89085-5646574b7b-rvzhc pod logs for container nginx,3844583
run-628e2ebd89238d0552a89085-5646574b7b-rvzhc-run.log,run-628e2ebd89238d0552a89085-5646574b7b-rvzhc pod logs for container run,490820
run-628e2ebd89238d0552a89085-5646574b7b-rvzhc-tooling-jwt.log,run-628e2ebd89238d0552a89085-5646574b7b-rvzhc pod logs for container tooling-jwt,219151
run-history.json,Run history records,1949
run.json,Run record,1936
saga.json,Saga record,4216
service-metadata.json,Service Metadata,323