[ {
  "_id" : "628e2ebd89238d0552a89086",
  "dateTime" : 1653485245175,
  "correlationId" : "ulzcV3zIlp",
  "projectId" : "61a5cf4707174a1c8a9745aa",
  "runId" : "628e2ebd89238d0552a89085",
  "runNumber" : 770,
  "hardwareTierId" : {
    "value" : "large-k8s"
  },
  "runStatus" : "Queued",
  "event" : {
    "type" : "RunCreated"
  }
}, {
  "_id" : "628e2ec14ca336184fb93d98",
  "dateTime" : 1653485249640,
  "correlationId" : "8sORgt7KzJ",
  "projectId" : "61a5cf4707174a1c8a9745aa",
  "runId" : "628e2ebd89238d0552a89085",
  "runNumber" : 770,
  "hardwareTierId" : {
    "value" : "large-k8s"
  },
  "runStatus" : "Queued",
  "event" : {
    "type" : "RunStatusChanged",
    "previousStatus" : "Queued",
    "newStatus" : "Pending"
  }
}, {
  "_id" : "628e2ec14ca336184fb93d99",
  "dateTime" : 1653485249642,
  "correlationId" : "8sORgt7KzJ",
  "projectId" : "61a5cf4707174a1c8a9745aa",
  "runId" : "628e2ebd89238d0552a89085",
  "runNumber" : 770,
  "hardwareTierId" : {
    "value" : "large-k8s"
  },
  "runStatus" : "Queued",
  "event" : {
    "type" : "AppDeployed"
  }
}, {
  "_id" : "628e2ee24ca336184fb940a8",
  "dateTime" : 1653485282957,
  "correlationId" : "41546f08-4012-4a1e-85b1-cea79ae3ced3",
  "projectId" : "61a5cf4707174a1c8a9745aa",
  "runId" : "628e2ebd89238d0552a89085",
  "runNumber" : 770,
  "hardwareTierId" : {
    "value" : "large-k8s"
  },
  "runStatus" : "Pending",
  "event" : {
    "type" : "RunStatusChanged",
    "previousStatus" : "Pending",
    "newStatus" : "Preparing"
  }
}, {
  "_id" : "628e2f7e4ca336184fb9470d",
  "dateTime" : 1653485438071,
  "correlationId" : "48ef8d87-ce0a-4dc1-89fb-4444c3e7015b",
  "projectId" : "61a5cf4707174a1c8a9745aa",
  "runId" : "628e2ebd89238d0552a89085",
  "runNumber" : 770,
  "hardwareTierId" : {
    "value" : "large-k8s"
  },
  "runStatus" : "Preparing",
  "event" : {
    "type" : "RunStatusChanged",
    "previousStatus" : "Preparing",
    "newStatus" : "Running"
  }
} ]