{
  "_id": ObjectId("628e2ebd89238d0552a89085"),
  "projectId": ObjectId("61a5cf4707174a1c8a9745aa"),
  "startingUserId": ObjectId("60bf3f09c9e77c0008ceac09"),
  "queued": ISODate("2022-05-25T13:27:25.166Z"),
  "status": "Running",
  "command": {
    "isGitBased": false,
    "_t": "executor.run.AppRunCommand"
  },
  "_commitId": "6592102890209fc0c6548d7f726633070940f24d",
  "title": "App server started by srivas30.",
  "publiclyVisible": false,
  "isArchived": false,
  "number": 770,
  "numberAsDouble": 770.0,
  "dependencyProjects": [],
  "postProcessing": {
    "postProcessingControl": {
      "publishApiEndpoint": false
    }
  },
  "executionClass": {
    "name": "large-k8s"
  },
  "centsPerMinute": 0.5417,
  "_isolatedOutputCommit": false,
  "runMemoryLimit": {
    "memoryLimitMegabytes": 27648
  },
  "repositories": [],
  "relatedRuns": [],
  "environmentId": ObjectId("6287b5b3b2b71912031298de"),
  "environmentRevisionId": ObjectId("6287c292b2b719120312a413"),
  "priority": 0,
  "statusChanges": [
    {
      "time": ISODate("2022-05-25T13:27:29.638Z"),
      "status": "Pending"
    },
    {
      "time": ISODate("2022-05-25T13:28:02.955Z"),
      "status": "Preparing"
    },
    {
      "time": ISODate("2022-05-25T13:30:38.069Z"),
      "status": "Running"
    }
  ],
  "datasetMounts": [
    {
      "containerPath": "/domino/datasets/srivas30/COP_Test_30112021_limitation3/scratch",
      "isReadOnly": false,
      "resourceId": {
        "raw": "dataset-scratch-space-61a5cf4707174a1c8a9745aa-60bf3f09c9e77c0008ceac09"
      },
      "resourcePath": "dataset-scratch-space-61a5cf4707174a1c8a9745aa-60bf3f09c9e77c0008ceac09"
    }
  ],
  "externalVolumeMounts": [],
  "volumeSpecification": {
    "size": {
      "value": 2.147483648E11,
      "unit": "B"
    },
    "_t": "domino.server.runs.RunOnDemandVolumeSpecification"
  },
  "isRestartable": false,
  "started": ISODate("2022-05-25T13:30:38.054Z")
}