{
  "_id": ObjectId("628e2ec1eb3032fd09b1091e"),
  "sagaId": "saga-iGITkWPmMOAj7LE9",
  "isCompleted": false,
  "numFailures": 0,
  "parameterJson": "{\"runId\":\"628e2ebd89238d0552a89085\",\"runType\":\"App\",\"deploymentName\":\"run-628e2ebd89238d0552a89085\",\"pvcId\":{\"namespace\":\"domino-compute\",\"name\":\"61a5cf4707174a1c8a9745aa-fxc9k\"},\"containerCount\":4,\"containerImagesPulled\":[\"465258079489.dkr.ecr.us-east-1.amazonaws.com/v522870-mae-dominov4-ecr-repo-prod/domino442/domino/executor:4.4.2.2161128\",\"465258079489.dkr.ecr.us-east-1.amazonaws.com/v522870-mae-dominov4-ecr-repo-prod/domino442/domino/nginx:1.18.0-20210504-2243\",\"10.100.154.156:5000/domino-6287b5b3b2b71912031298de:4\",\"465258079489.dkr.ecr.us-east-1.amazonaws.com/v522870-mae-dominov4-ecr-repo-prod/domino442/domino/credentials-propagator:master.4bc6c51e4ff19218fd3fcf7e4ca1c45e6ac58b62\",\"465258079489.dkr.ecr.us-east-1.amazonaws.com/v522870-mae-dominov4-ecr-repo-prod/domino442/domino/executor:4.4.2.2161128\",\"465258079489.dkr.ecr.us-east-1.amazonaws.com/v522870-mae-dominov4-ecr-repo-prod/domino442/domino/nginx:1.18.0-20210504-2243\",\"10.100.154.156:5000/domino-6287b5b3b2b71912031298de:4\",\"465258079489.dkr.ecr.us-east-1.amazonaws.com/v522870-mae-dominov4-ecr-repo-prod/domino442/domino/credentials-propagator:master.4bc6c51e4ff19218fd3fcf7e4ca1c45e6ac58b62\",\"465258079489.dkr.ecr.us-east-1.amazonaws.com/v522870-mae-dominov4-ecr-repo-prod/domino442/domino/executor:4.4.2.2161128\",\"465258079489.dkr.ecr.us-east-1.amazonaws.com/v522870-mae-dominov4-ecr-repo-prod/domino442/domino/nginx:1.18.0-20210504-2243\",\"10.100.154.156:5000/domino-6287b5b3b2b71912031298de:4\",\"465258079489.dkr.ecr.us-east-1.amazonaws.com/v522870-mae-dominov4-ecr-repo-prod/domino442/domino/credentials-propagator:master.4bc6c51e4ff19218fd3fcf7e4ca1c45e6ac58b62\",\"465258079489.dkr.ecr.us-east-1.amazonaws.com/v522870-mae-dominov4-ecr-repo-prod/domino442/domino/executor:4.4.2.2161128\",\"465258079489.dkr.ecr.us-east-1.amazonaws.com/v522870-mae-dominov4-ecr-repo-prod/domino442/domino/nginx:1.18.0-20210504-2243\",\"10.100.154.156:5000/domino-6287b5b3b2b71912031298de:4\",\"465258079489.dkr.ecr.us-east-1.amazonaws.com/v522870-mae-dominov4-ecr-repo-prod/domino442/domino/credentials-propagator:master.4bc6c51e4ff19218fd3fcf7e4ca1c45e6ac58b62\"],\"deleteAttemptCount\":0,\"generation\":{\"number\":0},\"executionCheckpoints\":[{\"checkpointName\":\"Acknowledged\",\"status\":\"Completed\",\"message\":\"Your execution request has been received\"},{\"checkpointName\":\"QuotaChecked\",\"status\":\"Completed\",\"message\":\"User quota checked\"},{\"checkpointName\":\"ResourcesCreated\",\"status\":\"Completed\",\"message\":\"Created execution resources\"},{\"checkpointName\":\"NodeAssigned\",\"status\":\"Completed\",\"message\":\"Scheduled your execution on a node\"},{\"checkpointName\":\"VolumesMounted\",\"status\":\"Completed\",\"message\":\"Mounted volumes\"},{\"checkpointName\":\"ImagesPulled\",\"status\":\"Completed\",\"message\":\"Pulled your compute environment\"},{\"checkpointName\":\"FilesPrepared\",\"status\":\"Completed\",\"message\":\"Prepared your files\"},{\"checkpointName\":\"UserCodeLaunched\",\"status\":\"Completed\",\"message\":\"Started run\"},{\"checkpointName\":\"UserFilesSaved\",\"status\":\"Pending\",\"message\":\"Saving your files\"},{\"checkpointName\":\"ResourcesDeleted\",\"status\":\"Pending\"},{\"checkpointName\":\"VolumesReleased\",\"status\":\"Pending\"}]}",
  "sagaName": "RunLifecycle",
  "started": ISODate("2022-05-25T13:27:29.633Z"),
  "state": "Running",
  "stateTransitions": [
    {
      "timestamp": ISODate("2022-05-25T13:27:29.642Z"),
      "oldState": "Initial",
      "newState": "UserExecutionsOverQuota"
    },
    {
      "timestamp": ISODate("2022-05-25T13:27:29.674Z"),
      "oldState": "UserExecutionsOverQuota",
      "newState": "Deploying"
    },
    {
      "timestamp": ISODate("2022-05-25T13:28:03.013Z"),
      "oldState": "Deploying",
      "newState": "Preparing"
    },
    {
      "timestamp": ISODate("2022-05-25T13:30:38.093Z"),
      "oldState": "Preparing",
      "newState": "Running"
    }
  ],
  "subject": "628e2ebd89238d0552a89085",
  "version": 1
}